spec,sb_total,score,pose_term,delta_vs_baseline
baseline,8670,0.30224470810218496,0,0
a1_subpixel_250_K5+250_K2,10590,0.30719518177403554,0.07956135878547237,0.004950473671850586
