spec,sb_total,score,pose_term,delta
o1_gumbel_250_K5+250_K2,7880,0.31668568814498543,0.09085634291938333,0.014440980042800478
