spec,sb_total,score,pose_term,delta
o3_hessian_250_K5+250_K2,8672,0.3035752463667495,0.07721854085027467,0.0013305382645645292
