spec,sb_mask,sb_rgb,sb_total,score,delta
o4_admm_3rounds,2179,6774,8953,0.3023144853032465,6.977720106154939e-05
