spec,sb_total,score,pose_term,delta
x1_subpixel_3chan_250_K5+250_K2,11086,0.3119037651459579,0.0839396761166461,0.009659057043772956
