spec,sb_mask,sb_rgb,sb_total,score,delta
x2_2x2_blocks_K1_top600,2092,6890,8982,0.3013435844034367,-0.0009011236987482296
