spec,n_added,sb_total,score,delta
x3_cmaes_top200_K2,290,9681,0.30181153309531833,-0.00043317500686662624
