spec,n_added,sb_total,score,delta
x4_cmaes_top100_K3,205,9390,0.3018686926865296,-0.0003760154156553508
