spec,sb_mask,sb_rgb,sb_total,score,delta
x6_blocks_top600+cmaes_K2_top200,3281,6839,10120,0.30118241858596506,-0.0010622895162198942
