spec,n_patches,n_1ch,n_2ch,n_3ch,sb_total,score,delta
a3_compound_250_K5+250_K2,1733,28,85,1620,11612,0.303527495597306,0.0012827874951210627
