scheme,sb_total,score,delta
baseline_bz2,8670,0.30224470810218496,0
diff_coded_bz2,8878,0.3023832067644343,0.00013849866224935337
