spec,n_added_flips,sb_total,score,delta
o2_cmaes_top100_K2,146,9209,0.3019725314735673,-0.0002721766286176708
