spec,sb_x2,sb_cma,sb_pose,sb_rgb,sb_total,score,delta
c3_x5+pose_dims125_top200,2291,701,726,6858,10576,0.30090010927096067,-0.0013445988312242863
