spec,sb_mask,sb_rgb,sb_total,score,delta
x5_blocks_top600+cmaes_K2_top100,2802,6855,9657,0.30100461480412954,-0.0012400932980554114
