epoch,score,seg_term,pose_term,rate_term,eval_time
10,0.300102,0.027059,0.082035,0.191008,14.862627506256104
20,0.299907,0.02684,0.082058,0.191008,14.866064548492432
30,0.304689,0.026591,0.08709,0.191008,14.926743984222412
40,0.305904,0.026612,0.088284,0.191008,14.88137173652649
50,0.319951,0.026409,0.102534,0.191008,14.989301443099976
60,0.300323,0.026528,0.082787,0.191008,14.98560643196106
70,0.306466,0.027015,0.088443,0.191008,14.855566024780273
